Deck,Owner
"Alela, Cunning Conqueror",Eric
"Anikthea, Hand of Erebos",Mitchell
"Ashling, the Limitless",Eric
"Auntie Ool, Cursewretch",Mitchell
Avatar Aang,Eric
"Bifur, Melodic Rider",Harrison
"Braids, Arisen Nightmare",Mitchell
"Bruvac, the Grandiloquent",Eric
"Chatterfang, Squirrel General",Eric
"Cloud, Ex-SOLDIER",Hunter
"Doctor Doom, King of Latveria",Harrison
Dr. Eggman,Harrison
Edgar Markov,Mitchell
Fire Lord Azula,Eric
"Frodo, Adventurous Hobbit & Sam, Loyal Attendant",Eric
"Gimbal, Gremlin Prodigy",Harrison
Hakbal of the Surging Soul,Eric
Invisible Woman,Eric
"Krenko, Mob Boss",Harrison
"Leonardo, the Balance & Michelangelo, the Heart",Harrison
Lucius the Eternal,Mitchell
Ms. Bumbleflower,Eric
"Nelly Borca, Impulsive Accuser",Mitchell
"Oloro, Ageless Ascetic",Mitchell
"Omo, Queen of Vesuva",Mitchell
"Pantlaza, Sun-Favored (E)",Eric
"Pantlaza, Sun-Favored (H)",Hunter
Queen Marchesa,Mitchell
"Sauran, the Dark Lord",Harrison
"Shelob, Child of Ungoliant",Mitchell
"Shiko and Narset, Unified",Harrison
Sliver Gravemother,Harrison
Sonic the Hedgehog,Harrison
"Terra, Herald of Hope",Eric
"Teval, the Balanced Scale",Harrison
The Ur-Dragon,Harrison
The Wise Mothman,Hunter
"Thurid, Mare of Destiny",Eric
"Tidus, Yuna's Guardian",Hunter
Ureni of the Unwritten,Harrison
"Wayta, Trainer Prodigy",Harrison
"Zimone, Mystery Unraveler",Mitchell
Zoyowa Lava-Tongue,Mitchell
Zurgo Stormrender,Harrison
